iso8601_utc, decimal_hour, UID, batch, burst_mmt,  lat.deg.N, long.deg.W, alt.m.gps, iso8601_gps, range.m, surf.temp.C, ha.air.temp.C, amb.air.temp.C, amb.air.humid.percent, amb.air.dewpt.C, amb.air.press.hPa, amb.press_alt.m, bat.V, bat.percent
20250209T005444Z, 0.912222, 9834, 2, 1, None, None, None, None, 0.208, 26.49, 22.8125, 20.46, 47.6, 0, 1007.36, 48.628, 3.799, 41.6
20250209T005447Z, 0.913055, 9834, 2, 1, None, None, None, None, 0.206, 26.41, 22.8125, 20.455, 47.6, 0, 1007.41, 48.586, 3.802, 41.6
20250209T005450Z, 0.913889, 9834, 2, 1, None, None, None, None, 0.207, 26.49, 22.75, 20.465, 47.6, 0, 1007.41, 48.66, 3.802, 41.6
20250209T005453Z, 0.914722, 9834, 2, 1, None, None, None, None, 0.202, 26.83, 22.75, 20.47, 47.6, 0, 1007.37, 48.967, 3.8, 41.6
